from,to,status
/,/,200
/servicios/,/servicios/,200
/quienes-somos/,/quienes-somos/,200
/contacto/,/contacto/,200
/blog/,/blog/,200
/politica-de-privacidad/,/politica-de-privacidad/,200
/historia-lamusica-fm/,/historia-lamusica-fm/,200
/aceleracion-en-derechos-patrimoniales-y-registros-musicales/,/servicios/diagnostico-y-estructuracion/aceleracion-derechos-patrimoniales/,301
/aceleracion-en-comunicacion-y-marketing/,/servicios/crecimiento-y-desarrollo/estrategia-identidad-digital/,301
/aceleracion-en-sincronizacion-musical/,/servicios/sincronizacion-y-uso-de-musica/preparacion-para-sincronizacion/,301
/procesos-de-aceleracion/,/servicios/,301
/cursos-y-asesorias-grupales-para-musicos-de-habla-hispana-en-la-industria-musical/,/servicios/formacion-y-consultoria/,301
/2023-recap/,/2023-recap/,200
